accuracy,roc_auc,average_precision
0.8123076923076923,0.8432112068965517,0.5354387447489674
